Datetime,Water Level (m)
2025-12-22 06:00:00,0.40364885
2025-12-22 07:00:00,0.3793279
2025-12-22 08:00:00,0.15727189
2025-12-22 09:00:00,-0.12801772
2025-12-22 10:00:00,-0.39197394
2025-12-22 11:00:00,-0.6177362
2025-12-22 12:00:00,-0.7882066
2025-12-22 13:00:00,-0.9250878
2025-12-22 14:00:00,-0.9282618
2025-12-22 15:00:00,-0.47197628
2025-12-22 16:00:00,-0.053639166
2025-12-22 17:00:00,0.4028038
2025-12-22 18:00:00,0.7060029
2025-12-22 19:00:00,0.7854324
2025-12-22 20:00:00,0.6558746
2025-12-22 21:00:00,0.30120954
2025-12-22 22:00:00,-0.020612916
2025-12-22 23:00:00,-0.3161628
2025-12-23 00:00:00,-0.5326552
2025-12-23 01:00:00,-0.71378034
2025-12-23 02:00:00,-0.8449525
2025-12-23 03:00:00,-0.8215247
2025-12-23 04:00:00,-0.35119775
2025-12-23 05:00:00,0.004745022
2025-12-23 06:00:00,0.3081867
2025-12-23 07:00:00,0.41300526
2025-12-23 08:00:00,0.32236332
2025-12-23 09:00:00,0.055348683
2025-12-23 10:00:00,-0.21678679
2025-12-23 11:00:00,-0.47561568
2025-12-23 12:00:00,-0.67056555
2025-12-23 13:00:00,-0.82736987
2025-12-23 14:00:00,-0.9282884
2025-12-23 15:00:00,-0.79467416
2025-12-23 16:00:00,-0.2886404
2025-12-23 17:00:00,0.13073483
2025-12-23 18:00:00,0.55230665
2025-12-23 19:00:00,0.7636269
2025-12-23 20:00:00,0.764778
2025-12-23 21:00:00,0.5257071
2025-12-23 22:00:00,0.16704069
2025-12-23 23:00:00,-0.15372503
2025-12-24 00:00:00,-0.41709533
2025-12-24 01:00:00,-0.6149846
2025-12-24 02:00:00,-0.7770735
2025-12-24 03:00:00,-0.860261
2025-12-24 04:00:00,-0.6669919
2025-12-24 05:00:00,-0.2011252
2025-12-24 06:00:00,0.12554705
2025-12-24 07:00:00,0.36310527
2025-12-24 08:00:00,0.40827733
2025-12-24 09:00:00,0.2674218
2025-12-24 10:00:00,-0.013086123
2025-12-24 11:00:00,-0.2779145
2025-12-24 12:00:00,-0.5228078
2025-12-24 13:00:00,-0.69846827
2025-12-24 14:00:00,-0.8405939
2025-12-24 15:00:00,-0.8993449
2025-12-24 16:00:00,-0.57156724
2025-12-24 17:00:00,-0.13161094
2025-12-24 18:00:00,0.2871182
2025-12-24 19:00:00,0.6047666
2025-12-24 20:00:00,0.7174981
2025-12-24 21:00:00,0.628025
2025-12-24 22:00:00,0.3065223
2025-12-24 23:00:00,-0.014349198
2025-12-25 00:00:00,-0.3125706
2025-12-25 01:00:00,-0.53121495
2025-12-25 02:00:00,-0.7074115
2025-12-25 03:00:00,-0.84522843
2025-12-25 04:00:00,-0.87573844
2025-12-25 05:00:00,-0.5021902
2025-12-25 06:00:00,-0.12969111
2025-12-25 07:00:00,0.18535544
2025-12-25 08:00:00,0.3724625
2025-12-25 09:00:00,0.3775124
2025-12-25 10:00:00,0.20676462
2025-12-25 11:00:00,-0.07263565
2025-12-25 12:00:00,-0.32973853
2025-12-25 13:00:00,-0.55922925
2025-12-25 14:00:00,-0.72207016
2025-12-25 15:00:00,-0.8435334
2025-12-25 16:00:00,-0.83185524
2025-12-25 17:00:00,-0.38469148
2025-12-25 18:00:00,-0.00942215
2025-12-25 19:00:00,0.371724
2025-12-25 20:00:00,0.5978767
2025-12-25 21:00:00,0.6369907
2025-12-25 22:00:00,0.4751426
2025-12-25 23:00:00,0.15038541
2025-12-26 00:00:00,-0.1497295
2025-12-26 01:00:00,-0.41445744
2025-12-26 02:00:00,-0.60773426
2025-12-26 03:00:00,-0.7709264
2025-12-26 04:00:00,-0.87754726
2025-12-26 05:00:00,-0.8306101
2025-12-26 06:00:00,-0.3892294
2025-12-26 07:00:00,-0.06254394
2025-12-26 08:00:00,0.2413521
2025-12-26 09:00:00,0.38227594
2025-12-26 10:00:00,0.3608034
2025-12-26 11:00:00,0.16586433
2025-12-26 12:00:00,-0.09870629
2025-12-26 13:00:00,-0.34754744
2025-12-26 14:00:00,-0.5576246
2025-12-26 15:00:00,-0.7048841
2025-12-26 16:00:00,-0.793858
2025-12-26 17:00:00,-0.6779328
2025-12-26 18:00:00,-0.2598514
2025-12-26 19:00:00,0.070695005
2025-12-26 20:00:00,0.40136415
2025-12-26 21:00:00,0.5572823
2025-12-26 22:00:00,0.5438367
2025-12-26 23:00:00,0.3271557
2025-12-27 00:00:00,0.030234573
2025-12-27 01:00:00,-0.25327435
2025-12-27 02:00:00,-0.4821682
2025-12-27 03:00:00,-0.6613135
2025-12-27 04:00:00,-0.8104883
2025-12-27 05:00:00,-0.8942464
2025-12-27 06:00:00,-0.7658737
2025-12-27 07:00:00,-0.33535087
2025-12-27 08:00:00,-0.032854978
2025-12-27 09:00:00,0.25188753
2025-12-27 10:00:00,0.37130657
2025-12-27 11:00:00,0.35832846
2025-12-27 12:00:00,0.19339406
2025-12-27 13:00:00,-0.064366534
2025-12-27 14:00:00,-0.30662772
2025-12-27 15:00:00,-0.5157882
2025-12-27 16:00:00,-0.6585741
2025-12-27 17:00:00,-0.7338883
2025-12-27 18:00:00,-0.61115074
2025-12-27 19:00:00,-0.23122725
2025-12-27 20:00:00,0.07508066
2025-12-27 21:00:00,0.35599193
2025-12-27 22:00:00,0.47341862
2025-12-27 23:00:00,0.42594358
2025-12-28 00:00:00,0.20656262
2025-12-28 01:00:00,-0.062149856
2025-12-28 02:00:00,-0.32168883
2025-12-28 03:00:00,-0.53254604
2025-12-28 04:00:00,-0.7006729
2025-12-28 05:00:00,-0.8401858
2025-12-28 06:00:00,-0.9158463
